id,title,headline,content,photoUrl,alignment,date
0,"The Virus Years: A U.S. Covid Retrospective
",,"<p style=""text-align: center""><em style=""font-size: 22px; line-height: 130%;"">Although its worst impacts have been unevenly distributed, the Covid-19 pandemic has indelibly  touched every corner of American life. We present a survey in word, image, and data.</em><br><br><span class=""byline"" style=""color: #cba17d; font-family: Raleway, Arial, sans-serif; font-size: 13px; font-weight: 700 !important; letter-spacing: .5px;"">BY JANE ROBERTS AND ALEXANDER KENNEDY<br>04.18.2021</span></p>",,center,
1,,,"<p><span class=""firstcharacter"">N</span><span class=""bolded-undark"">early two</span> and a half years since a mysterious <a target=""_blank"" href=""https://www.who.int/emergencies/disease-outbreak-news/item/2020-DON229"">cluster of pneumonia cases</a> was first reported in Wuhan, China, SARS-CoV-2 has killed <a target=""_blank"" href=""https://www.cbsnews.com/news/covid-19-death-toll-6-million/"">more than 6 million</a> people and sickened hundreds of millions more around the world. In that time, many governments — from the local to national level — have gone to <a target=""_blank"" href=""https://undark.org/2020/03/16/quarantine-powers-us-covid19/"">extraordinary lengths</a> to combat the spread of the deadly pathogen, from <a target=""_blank"" href=""https://undark.org/2021/10/20/western-australia-blocked-out-covid-now-what/"">closing borders</a> and implementing <a target=""_blank"" href=""https://undark.org/2020/10/05/south-korea-covid-19-success/"">contact tracing</a> systems to adopting <a target=""_blank"" href=""https://undark.org/2021/04/19/states-debate-public-health-shutdown-powers/"">mask mandates</a> and shutting down businesses. Others — including at times the United States —  have <a target=""_blank"" href=""https://undark.org/2020/03/23/covid-19-misinformation/"">downplayed</a> the severity of the virus and touted <a target=""_blank"" href=""https://undark.org/2021/06/09/the-covid-19-pseudoscience-suffocating-brazil/"">unproven treatments</a> against it.</p><p>As health care workers burned out, the development of vaccines brought new hope. But even with billions of shots now in arms, much of the world’s population has yet to receive a single dose. While many people living in low-income countries <a target=""_blank"" href=""https://undark.org/2021/02/26/abstracts-global-vaccine-distribution/"">simply still</a> <a target=""_blank"" href=""https://undark.org/2021/08/25/humanitarians-prepare-to-vaccinate-the-world/"">lack access</a>, pockets of Americans and others have chosen to <a target=""_blank"" href=""https://undark.org/2021/03/26/abstracts-covid-19-vaccine-hesitancy/"">willfully forgo</a> the vaccine — and push back on efforts to mandate it. Following the rise of a Covid virus variant that would be named delta by the World Health Organization, a more worrying variant, called omicron, swept the globe and inundated hospitals.</p><p> While cases <a target=""_blank"" href=""https://www.nytimes.com/interactive/2021/world/covid-cases.html"">declined</a> in many parts of the globe following records in January of this year, an omicron subvariant led to new spikes, including in <a target=""_blank"" href=""https://www.bbc.com/news/world-asia-china-60339746"">Hong Kong</a> and the <a target=""_blank"" href=""https://www.nbcnews.com/health/health-news/covid-cases-rising-uk-what-to-expect-us-rcna19891"">U.K.</a> With the pandemic now in its third year, scientists are scrambling to determine where things are headed next. But what may already be clear, many experts say, is that the coronavirus is likely to <a target=""_blank"" href=""https://www.nytimes.com/interactive/2022/04/07/science/endemic-meaning-pandemic-covid.html"">become endemic</a> — meaning rather than disappearing, it will become less disruptive as the population builds immunity over time.<p> <span style=""font-color: #fff; font-family: sans-serif; font-size: 18px; font-weight: 700;""></strong>The Pandemic, Day by Day</strong></span></p>What follows is a timeline of key moments in more than two years of the pandemic. As you scroll through these events, states on the accompanying map will populate when they experienced their first Covid-19 cases. The map will continually update to indicate both per capita and total cases over time.</p><p>We will periodically update the timeline and data until Covid-19 is declared endemic.</p><p><span style=""font-size: .7em;""><em>Visual: <a target=""_blank"" href=""https://unsplash.com/@thevantagepoint718?utm_source=unsplash&utm_medium=referral&utm_content=creditCopyText"">Lerone Pieters</a>/<a target=""_blank"" href=""https://unsplash.com/?utm_source=unsplash&utm_medium=referral&utm_content=creditCopyText"">Unsplash</a></em></p><br><img src=""https://undark.org/wp-content/uploads/2100/03/30c7f42a-arrow.gif"" style=""width:40px;"">",,center,
,, ,"<a name=""top""></a>",,left,
2,,The First U.S. Cases,"<span style=""font-family: sans-serif; font-size: 1.3em; font-weight:700;"">2020</span>&nbsp; | &nbsp;On Jan. 21, the Centers for Disease Control and Prevention <a target=""_blank"" href=""https://www.statnews.com/2020/01/21/cdc-expected-to-detail-first-u-s-case-of-novel-virus-spreading-in-china/?utm_source=STAT+Newsletters&utm_campaign=91bf3f3854-EMAIL_CAMPAIGN_2020_01_21_06_51&utm_medium=email&utm_term=0_8cab1d7961-91bf3f3854-149580157"">confirms</a> the United States' first case of the novel coronavirus, in a man in Washington State. In the coming days, sporadic cases would surface in other states — Illinois, California, Arizona, Massachusetts — and an increasing number of airports <a target=""_blank"" href=""https://www.washingtonpost.com/transportation/2020/01/30/us-health-officials-expand-screening-new-coronavirus-20-airports/"">began screening</a> arriving passengers for the virus. <span style=""color:#CBA17D;"">Continue scrolling to read more. States will appear on the map to the right as their first cases arise.</span> <br>&nbsp;<br>Below,  John Wiesman, then-secretary of health for Washington State, takes questions as news of the case emerges. <br>&nbsp;<br><img src=""https://undark.org/wp-content/uploads/2100/03/wash.jpeg"" width=""100%""><br><em><span style=""font-size: .7em; line-height:1.2em;"">Visual: Jason Redmond/AFP via Getty Images</span></em><br>&nbsp;<br><hr><span class=""navygate"" style=""font-family: sans-serif; font-size:.7em; line-height:1.1em; color:#CBA17D;""><strong>A NOTE ON NAVIGATION</strong></span><br><span class=""navygate"" style=""font-family: sans-serif; font-size:.7em; line-height:1.1em;"">You will periodically encounter the navigation menu below. Use it to skip ahead or back to the beginning of each year.</span><br>
<strong><span style=""font-family: sans-serif; font-size:.7em; line-height:1.1em; color:#CBA17D;"">GO TO:</span></strong><strong> <span style=""font-family: sans-serif; font-size:.7em; line-height:1.1em;""><a style=""text-decoration:none;"" href=""#top"">2020</a> | <a style=""text-decoration:none;"" href=""#2021"">2021</a> | <a style=""text-decoration:none;"" href=""#2022"">2022</a> | <a style=""text-decoration:none;"" href=""#start"">TOP</a> | <a style=""text-decoration:none;"" href=""#end"">END</a></span></strong>",,left,2020-01-21
3,,A Public Health Crisis,"U.S. Secretary of Health and Human Services Alex Azar <a target=""_blank"" href=""https://www.nbcnews.com/health/health-news/u-s-declares-public-health-emergency-over-coronavirus-n1127856"">declares</a> the coronavirus a public health emergency on Jan. 31, just one day after the World Health Organization <a target=""_blank"" href=""https://www.nbcnews.com/health/health-news/new-coronavirus-outbreak-declared-global-public-health-emergency-who-says-n1126836"">does the same.</a> President Donald J. Trump issued a proclamation <a target=""_blank"" href=""https://apnews.com/article/united-nations-donald-trump-us-news-ap-top-news-virus-outbreak-9e22f8aabe2f454593b9f9b4c67eb31f"">barring foreign nationals</a> — excluding immediate family members of U.S. citizens and permanent residents — from entering the country if they had visited China in the previous two weeks.",,left,2020-01-31
4,,A Whistleblower Dies,"On Feb. 7, Dr. Li Wenliang, a Chinese ophthalmologist who tried to warn others about the developing outbreak in Wuhan, <a target=""_blank"" href=""https://www.nytimes.com/2020/02/06/world/asia/chinese-doctor-Li-Wenliang-coronavirus.html"">dies</a> after contracting the virus himself. In December, Li sounded an alarm to fellow doctors in a chat room, but was accused of making false statements and quickly silenced by authorities. <a target=""_blank"" href=""https://www.newyorker.com/news/news-desk/grief-and-wariness-at-a-vigil-for-li-wenliang-the-doctor-who-tried-to-warn-china-about-the-coronavirus"">Mourners</a> across the U.S., and the world, paid their respects, including outside the UCLA campus in California (below). <br>&nbsp;<br><img src=""https://undark.org/wp-content/uploads/2100/03/Wenliang.jpg"" width=""100%""><br><em><span style=""font-size: .7em;"">Visual: Mark Ralston / AFP via Getty</span></em>",,left,2020-02-07
5,,Cruise Ship Quarantine,"After days of quarantine offshore, the <a target=""_blank"" href=""https://www.nytimes.com/2020/02/16/world/asia/coronavirus-japan-cruise-americans.html"">Diamond Princess</a> cruise ship docks at Yokohama port near Tokyo, and beginning on Feb. 17, hundreds of American passengers are evacuated and flown to California and Texas. At least 14 evacuees tested positive for the coronavirus — which the World Health Organization dubbed <a target=""_blank"" href=""https://twitter.com/WHO/status/1227248333871173632?ref_src=twsrc%5Etfw%7Ctwcamp%5Etweetembed%7Ctwterm%5E1227248333871173632%7Ctwgr%5E%7Ctwcon%5Es1_&ref_url=https%3A%2F%2Fwww.news-medical.net%2Fnews%2F20200212%2F2019-coronavirus-virus-officially-named-COVID-19.aspx"">Covid-19</a> — and all were subject to a two-week quarantine upon their return to the U.S. <br>&nbsp;<br><img src=""https://undark.org/wp-content/uploads/2100/03/cruiseship.jpg"" width=""100%""><br><em><span style=""font-size: .7em;"">Visual: Kazuhiro Nogi/AFP via Getty Images</span></em> <br>&nbsp;<br><hr><strong><span style=""font-family: sans-serif; font-size:.7em; line-height:1.1em; color:#CBA17D;"">GO TO:</span></strong><strong> <span style=""font-family: sans-serif; font-size:.7em; line-height:1.1em;""><a style=""text-decoration:none;"" href=""#top"">2020</a> | <a style=""text-decoration:none;"" href=""#2021"">2021</a> | <a style=""text-decoration:none;"" href=""#2022"">2022</a> | <a style=""text-decoration:none;"" href=""#start"">TOP</a> | <a style=""text-decoration:none;"" href=""#end"">END</a></span></strong>",,left,2020-02-17
6,,Nursing Homes Impacted,"Covid-19 <a target=""_blank"" href=""https://www.statnews.com/2020/02/29/new-covid-19-death-raises-concerns-about-virus-spread-in-nursing-homes/"">spreads</a> among staff and residents at a nursing home in Kirkland, Washington. The facility would go on to be <a target=""_blank"" href=""https://www.seattletimes.com/seattle-news/times-watchdog/coronavirus-spread-in-a-kirkland-nursing-home-for-weeks-while-response-stalled/"">linked to</a> dozens of deaths and face a <a target=""_blank"" href=""https://www.seattletimes.com/seattle-news/life-care-center-of-kirkland-the-epicenter-of-seattle-area-coronavirus-outbreak-faces-611000-fine-for-jeopardy-to-patients/"">$611,000 fine</a> for deficiencies that led to the country’s first major coronavirus outbreak. With many older residents living in close quarters, nursing homes are <a target=""_blank"" href=""https://undark.org/2020/06/19/covid-19-nursing-home-alternatives/"">particularly vulnerable</a> to the virus. Below, Cynthia Tachner, 86, waits to visit through glass with her daughter at a nursing home in California. <br>&nbsp;<br><img src=""https://undark.org/wp-content/uploads/2100/03/nursing.jpeg"" width=""100%""><br><em><span style=""font-size: .7em; line-height:1.3em;"">Visual: Sarah Reingewirtz/Los Angeles Daily News via Getty</span></em>",,left,2020-02-29
7,,Pandemic Declaration,"On March 11, the World Health Organization <a target=""_blank"" href=""https://www.who.int/director-general/speeches/detail/who-director-general-s-opening-remarks-at-the-media-briefing-on-covid-19---11-march-2020"">declares</a> Covid-19 a pandemic, as global cases rise above 118,000 and deaths top 4,000. In a media briefing, WHO director-general Tedros Adhanom Ghebreyesus advised countries that with measures to “test, treat, isolate, trace, and mobilize their people in the response,” it’s would still be possible to “change the course of this pandemic.”",,left,2020-03-11
8,,Stay at Home,"On March 19, California becomes the first state to issue a <a target=""_blank"" href=""https://www.gov.ca.gov/2020/03/19/governor-gavin-newsom-issues-stay-at-home-order/"">stay-at-home</a> order for residents, directing them to leave only for exercise and other essential purposes. Many other states soon followed, with officials banning indoor dining and <a target=""_blank"" href=""https://www.ucsf.edu/news/2020/03/416906/why-experts-are-urging-social-distancing-combat-coronavirus-outbreak"">prohibiting large gatherings,</a> among other measures. Many companies shut down their offices and asked employees to work from home until further notice. <br>&nbsp;<br><hr><strong><span style=""font-family: sans-serif; font-size:.7em; line-height:1.1em; color:#CBA17D;"">GO TO:</span></strong><strong> <span style=""font-family: sans-serif; font-size:.7em; line-height:1.1em;""><a style=""text-decoration:none;"" href=""#top"">2020</a> | <a style=""text-decoration:none;"" href=""#2021"">2021</a> | <a style=""text-decoration:none;"" href=""#2022"">2022</a> | <a style=""text-decoration:none;"" href=""#start"">TOP</a> | <a style=""text-decoration:none;"" href=""#end"">END</a></span></strong>",,left,2020-03-19
,,,"<p style=""font-size:.7em;"">A highway sign in Los Angeles advises residents to stay home to prevent the spread of Covid-19. <br>&nbsp;<br><em>Visual: Aydin Palabiyikoglu/Getty</em></p>",https://undark.org/wp-content/uploads/2022/03/LA-Avoid-Travel.jpg,left,2020-03-25
,,,"<img src=""https://undark.org/wp-content/uploads/2100/03/30c7f42a-arrow.gif"" style=""width:40px;"">",,left,2020-03-30
9,,The Rise of Face Masks ...,"In early April, after weeks of <a target=""_blank"" href=""https://www.usatoday.com/story/news/healthcare/2020/03/02/seriously-people---stop-buying-masks-surgeon-general-says-they-wont-protect-from-coronavirus/112244966/"">discouraging</a> the use of masks among the general public — in part to ensure supplies <a target=""_blank"" href=""https://www.who.int/news/item/03-03-2020-shortage-of-personal-protective-equipment-endangering-health-workers-worldwide"">remained available</a> to medical professionals — U.S. health officials  <a target=""_blank"" href=""https://www.npr.org/sections/coronavirus-live-updates/2020/04/03/826219824/president-trump-says-cdc-now-recommends-americans-wear-cloth-masks-in-public"">begin  encouraging</a> Americans to wear cloth face coverings to help stop the spread of Covid-19. Instructions for fashioning <a target=""_blank"" href=""https://www.latimes.com/lifestyle/story/2020-04-02/time-to-make-your-own-face-mask-doctors-and-hospitals-show-you-how"">homemade masks</a> proliferated online, and community members <a target=""_blank"" href=""https://www.latimes.com/california/story/2021-04-03/facebook-group-united-sewing-covid-masks-vulnerable"">came together</a> to sew masks for those in need.",,left,2020-04-03
10,,... and Mobile Morgues,"On April 7, New York City experiences its <a target=""_blank"" href=""https://www.cnn.com/2020/04/07/health/us-coronavirus-tuesday/index.html"">deadliest day</a> of the Covid-19 pandemic so far; more than 800 residents passed away. With morgues and funeral homes overwhelmed, bodies were stored in <a target=""_blank"" href=""https://www.marketwatch.com/story/fema-is-sending-85-refrigerated-trucks-to-new-york-city-to-serve-as-temporary-morgues-2020-04-01"">refrigerated trucks</a> provided by the Federal Emergency Management Agency, or FEMA. <br>&nbsp;<br><hr><strong><span style=""font-family: sans-serif; font-size:.7em; line-height:1.1em; color:#CBA17D;"">GO TO:</span></strong><strong> <span style=""font-family: sans-serif; font-size:.7em; line-height:1.1em;""><a style=""text-decoration:none;"" href=""#top"">2020</a> | <a style=""text-decoration:none;"" href=""#2021"">2021</a> | <a style=""text-decoration:none;"" href=""#2022"">2022</a> | <a style=""text-decoration:none;"" href=""#start"">TOP</a> | <a style=""text-decoration:none;"" href=""#end"">END</a></span></strong>",,left,2020-04-07
,,,"<img src=""https://undark.org/wp-content/uploads/2100/03/30c7f42a-arrow.gif"" style=""width:40px;"">",,left,2020-04-12
11,,,"<p style=""font-size:.7em;"">At Icahn Stadium on Randalls Island, members of the New York City chapter of the Laborers' Union International, Local 79, build shelving for trailers to hold the bodies of Covid-19 victims. <br>&nbsp;<br><em>Visual: Pacific Press/Getty</em></p>",https://undark.org/wp-content/uploads/2022/03/Refrigerator-Trucks.jpg,left,2020-04-17
12,,Beginnings in California ,"Post-mortem testing of two people who died in Santa Clara County in February <a target=""_blank"" href=""https://www.latimes.com/california/story/2020-04-23/morgues-hold-key-to-early-spread-of-coronavirus"">suggests</a> that the coronavirus was circulating in California at least a month earlier than originally thought. <a target=""_blank"" href=""https://covid19.sccgov.org/news-releases/pr-04-21-2020-scc-identifies-three-additional-early-covid-19-deaths"">According to</a> the county medical examiner, a 57-year-old woman who died on Feb. 6 was the first known person to die from Covid-19 in the U.S., followed by a 69-year-old man, who died on Feb. 17. <br>&nbsp;<br><hr><strong><span style=""font-family: sans-serif; font-size:.7em; line-height:1.1em; color:#CBA17D;"">GO TO:</span></strong><strong> <span style=""font-family: sans-serif; font-size:.7em; line-height:1.1em;""><a style=""text-decoration:none;"" href=""#top"">2020</a> | <a style=""text-decoration:none;"" href=""#2021"">2021</a> | <a style=""text-decoration:none;"" href=""#2022"">2022</a> | <a style=""text-decoration:none;"" href=""#start"">TOP</a> | <a style=""text-decoration:none;"" href=""#end"">END</a></span></strong>",,left,2020-04-21
,,,"<p style=""font-size:.7em;"">A respiratory specialist looks through the glass as a team at Boston Medical Center performs a tracheostomy on a Covid-19 patient on the intensive care unit floor of the hospital. <br>&nbsp;<br><em>Visual: Erin Clark/The Boston Globe via Getty Images</em></p>",https://undark.org/wp-content/uploads/2022/03/BMC.jpg,left,2020-04-30
,,,"<img src=""https://undark.org/wp-content/uploads/2100/03/30c7f42a-arrow.gif"" style=""width:40px;"">",,left,2020-05-07
13,,A Spike in Illinois,"Illinois documents its largest <a target=""_blank"" href=""https://news.wttw.com/2020/05/12/illinois-sets-single-day-record-covid-19-testing-cases"">single-day Covid-19 spike</a>, with 4,014 new cases recorded in the 24 hours between May 11 and 12. The increase coincided with the state’s increase in testing. “We have not had [a number] in the 4,000 range before,” Ngozi Ezike, head of the Illinois Department of Public Health, told Block Club Chicago, “but we also have never had tests in the 29,000 range.” As deaths rose and thousands were hospitalized, Gov. J.B. Pritzker asked residents to continue following the state’s stay-at-home order.  <br>&nbsp;<br><hr><strong><span style=""font-family: sans-serif; font-size:.7em; line-height:1.1em; color:#CBA17D;"">GO TO:</span></strong><strong> <span style=""font-family: sans-serif; font-size:.7em; line-height:1.1em;""><a style=""text-decoration:none;"" href=""#top"">2020</a> | <a style=""text-decoration:none;"" href=""#2021"">2021</a> | <a style=""text-decoration:none;"" href=""#2022"">2022</a> | <a style=""text-decoration:none;"" href=""#start"">TOP</a> | <a style=""text-decoration:none;"" href=""#end"">END</a></span></strong>",,left,2020-05-12
,,,"<p style=""font-size:.7em;"">People spread out across social-distancing circles at Dolores Park in San Francisco. <br>&nbsp;<br><em>Visual: Jane Tyska/Digital First Media/East Bay Times via Getty Images</em></p>",https://undark.org/wp-content/uploads/2022/03/Social-distancing-circles.jpg,left,2020-05-21
14,,Racial Disparities,"By late May of 2020, the U.S. emerges as the first country in the world to surpass <a target=""_blank"" href=""https://www.nbcnews.com/health/health-news/live-blog/2020-05-27-coronavirus-news-n1215286"">100,000 deaths</a> from Covid-19, and demographic analyses expose the <a target=""_blank"" href=""https://www.brookings.edu/blog/up-front/2020/06/16/race-gaps-in-covid-19-deaths-are-even-bigger-than-they-appear/"">racial disparities</a> of that toll. In Alabama, while only 27 percent of residents are Black, they accounted for 44 percent of Covid-19 deaths. In Michigan, African Americans make up 14 percent of the population but made up 40 percent of deaths in the state.",,left,2020-05-27
,,,"<img src=""https://undark.org/wp-content/uploads/2100/03/30c7f42a-arrow.gif"" style=""width:40px;"">",,left,2020-06-02
,,,"<p style=""font-size:.7em;"">A couple exchanges vows as part of a virtual wedding ceremony in Morris Plains, New Jersey. Such ceremonies grew in popularity as in-person weddings were cancelled or drastically downsized due to the pandemic. <br>&nbsp;<br><em>Visual: Theo Wargo/Getty Images </em></p>",https://undark.org/wp-content/uploads/2022/03/covid-wedding.jpg,left,2020-06-07
15,,Covid Lung Transplant,"On June 5, a Chicago woman in her 20s becomes the first known person in the U.S. to receive a double <a target=""_blank"" href=""https://www.npr.org/sections/health-shots/2020/06/12/875486356/first-known-u-s-lung-transplant-for-covid-19-patient-performed-in-chicago"">lung transplant</a> for Covid-19. The woman, who was otherwise healthy, developed a severe case of the disease and spent two months in an intensive care unit. Her lungs were so damaged that doctors said a transplant was her only chance at survival. <br>&nbsp;<br><hr><strong><span style=""font-family: sans-serif; font-size:.7em; line-height:1.1em; color:#CBA17D;"">GO TO:</span></strong><strong> <span style=""font-family: sans-serif; font-size:.7em; line-height:1.1em;""><a style=""text-decoration:none;"" href=""#top"">2020</a> | <a style=""text-decoration:none;"" href=""#2021"">2021</a> | <a style=""text-decoration:none;"" href=""#2022"">2022</a> | <a style=""text-decoration:none;"" href=""#start"">TOP</a> | <a style=""text-decoration:none;"" href=""#end"">END</a></span></strong>",,left,2020-06-12
16,,California Mask Mandate,"California Gov. Gavin Newsom issues a <a target=""_blank"" href=""https://twitter.com/GavinNewsom/status/1273696999066353664"">statewide mask mandate</a> on June 18. With coronavirus cases increasing, the Department of Public Health said, the order required people to wear face coverings in public spaces to “limit the release of infected droplets when talking, coughing, and/or sneezing, as well as reinforce physical distancing."" ",,left,2020-06-18
,,,"<img src=""https://undark.org/wp-content/uploads/2100/03/30c7f42a-arrow.gif"" style=""width:40px;"">",,left,2020-06-24
,,,"<p style=""font-size:.7em;"">A young girl walks with her mother on Santee Alley in the Garment District in Downtown L.A., where masks were required for shopping. <br>&nbsp;<br><em>Visual: Genaro Molina / Los Angeles Times via Getty Images</em></p><br><hr><span style=""font-family: sans-serif; font-size:.7em;""><strong>GO TO:  <a style=""text-decoration:none;"" href=""#top"">2020</a></strong> | <strong><a style=""text-decoration:none;"" href=""#2021"">2021</a></strong> | <strong><a style=""text-decoration:none;"" href=""#2022"">2022</a></strong></span> ",https://undark.org/wp-content/uploads/2022/03/CA-social-distancing.jpg,left,2020-06-30
17,,Aerosol Spread,"In the second week of July, the WHO revises its guidance on Covid-19 transmission, <a target=""_blank"" href=""https://www.who.int/news-room/commentaries/detail/transmission-of-sars-cov-2-implications-for-infection-prevention-precautions"">acknowledging</a> that it’s possible the virus could be airborne in indoor spaces. The update came after <a target=""_blank"" href=""https://www.nytimes.com/2020/07/04/health/239-experts-with-one-big-claim-the-coronavirus-is-airborne.html"">hundreds</a> of scientists around the world urged the agency to reevaluate its stance. While the WHO maintained that transmission occurred primarily through close contact with infected people, other experts <a target=""_blank"" href=""https://www.nature.com/articles/d41586-020-02058-1"">argued</a> that tiny droplets called aerosols might be behind superspreader events. An annual <a target=""_blank"" href=""https://www.washingtonpost.com/nation/2020/08/06/motorcycle-rally-coronavirus/"">motorcycle rally</a> in South Dakota the following month (below) became such an event in the summer of 2020. <br>&nbsp;<br><img src=""https://undark.org/wp-content/uploads/2100/03/sturgis.jpg"" width=""100%""><br><em><span style=""font-size: .7em; line-height:1.3em;"">Visual: Michael Ciaglo/Getty Images</span></em>",,left,2020-07-09
,,,"<img src=""https://undark.org/wp-content/uploads/2100/03/30c7f42a-arrow.gif"" style=""width:40px;"">",,left,2020-07-18
18,,Florida's Record Deaths,"On July 23, Florida <a target=""_blank"" href=""https://www.local10.com/news/local/2020/07/23/coronavirus-florida-covid-19-cases-new-deaths-record-reported/"">reported</a> 173 new Covid-19 deaths — its highest toll so far. Earlier in the month, the state <a target=""_blank"" href=""https://www.vox.com/future-perfect/2020/7/17/21324398/florida-coronavirus-covid-cases-deaths-outbreak"">broke the record</a> for the highest number of new cases in the U.S., reporting <a target=""_blank"" href=""https://www.nytimes.com/2020/07/12/us/florida-coronavirus-covid-cases.html"">more than</a> 15,000 on July 12. Of the 3.2 million tests Florida had administered since the pandemic began, 12.1 percent came back positive — well above the <a target=""_blank"" href=""https://coronavirus.jhu.edu/testing/testing-positivity"">WHO recommendation</a> of 5 percent. Despite the spike, Disney World <a target=""_blank"" href=""https://www.nytimes.com/2020/07/11/business/florida-coronavirus-disney-world-reopening.html"">reopened</a> on July 11, after being shut down for four months. <br>&nbsp;<br><hr><strong><span style=""font-family: sans-serif; font-size:.7em; line-height:1.1em; color:#CBA17D;"">GO TO:</span></strong><strong> <span style=""font-family: sans-serif; font-size:.7em; line-height:1.1em;""><a style=""text-decoration:none;"" href=""#top"">2020</a> | <a style=""text-decoration:none;"" href=""#2021"">2021</a> | <a style=""text-decoration:none;"" href=""#2022"">2022</a> | <a style=""text-decoration:none;"" href=""#start"">TOP</a> | <a style=""text-decoration:none;"" href=""#end"">END</a></span></strong>",,left,2020-07-23
,,,"<img src=""https://undark.org/wp-content/uploads/2100/03/30c7f42a-arrow.gif"" style=""width:40px;"">",,left,2020-07-29
,,,"<p style=""font-size:.7em;"">Jackson Pijanowski 9, (L) and Bright Owens, (R), supporters calling for Hillsborough County schools to reopen, protest ahead of a meeting of the school board at the Hillsborough County Public Schools district office on Aug. 6, 2020 in Tampa, Florida. <br>&nbsp;<br><em>Visual: Octavio Jones/Getty Images</em></p>",https://undark.org/wp-content/uploads/2022/03/schools-open.jpg,left,2020-08-06
19,,Covid in Kids,"As Texas parents consider sending their children <a target=""_blank"" href=""https://www.texastribune.org/2020/08/10/coronavirus-testing-texas/"">back to school</a> in the fall, Covid-19 testing slows and, of the tests being administered, around one-fifth come back positive. While evidence suggested that children were less likely to experience severe illness than adults, they <a target=""_blank"" href=""https://www.khou.com/article/news/health/coronavirus/100000-children-positive-for-covid-19-two-week-period/285-d1f10c12-0658-4b45-9f36-ed9982808154"">can and do</a> spread the virus. Below, kids prepare to enter a Pennsylvania school in the fall of 2020. <br>&nbsp;<br><img src=""https://undark.org/wp-content/uploads/2100/03/elem.jpg"" width=""100%""><br><em><span style=""font-size: .7em; line-height:1.3em;"">Visual: Ben Hasty/Reading Eagle via Getty</span></em>",,left,2020-08-10
,,,"<img src=""https://undark.org/wp-content/uploads/2100/03/30c7f42a-arrow.gif"" style=""width:40px;"">",,left,2020-08-22
20,,College Outbreak,"By the end of August, more than 1,200 students and 166 employees <a target=""_blank"" href=""https://abcnews.go.com/Health/1200-students-test-positive-covid-19-major-university/story?id=72699871"">test positive</a> for Covid-19 at the University of Alabama, after the school reopened for in-person instruction earlier in the month. Other institutions, including the University of North Carolina at Chapel Hill and Michigan State, also experienced outbreaks, with both schools shifting to remote learning. <br>&nbsp;<br><hr><strong><span style=""font-family: sans-serif; font-size:.7em; line-height:1.1em; color:#CBA17D;"">GO TO:</span></strong><strong> <span style=""font-family: sans-serif; font-size:.7em; line-height:1.1em;""><a style=""text-decoration:none;"" href=""#top"">2020</a> | <a style=""text-decoration:none;"" href=""#2021"">2021</a> | <a style=""text-decoration:none;"" href=""#2022"">2022</a> | <a style=""text-decoration:none;"" href=""#start"">TOP</a> | <a style=""text-decoration:none;"" href=""#end"">END</a></span></strong>",,left,2020-08-29
21,,AstraZeneca Concerns,"In early September, AstraZeneca pauses a large study on its Covid-19 vaccine after a patient in the United Kingdom experienced a suspected serious adverse reaction. A spokesperson <a target=""_blank"" href=""https://www.statnews.com/2020/09/08/astrazeneca-covid-19-vaccine-study-put-on-hold-due-to-suspected-adverse-reaction-in-participant-in-the-u-k/"">told STAT</a> that the company initiated the hold on the Phase 3 trial, which was being conducted at sites across the U.S., “to allow review of safety data.” ",,left,2020-09-08
22,,School Covid Dashboards,"Texas <a target=""_blank"" href=""https://www.khou.com/article/news/health/coronavirus/texas-state-coronavirus-dashboard-public-school-case-data/285-443dc363-2724-44de-b76b-a264b3c67fb9"">launches</a> an online dashboard to track coronavirus cases in public schools. As of Sept. 17, 2020 the dashboard showed 4,519 positive cases, divided fairly equally between students and staff. In addition to reporting cases to the state, schools were still required to notify local health authorities. <br>&nbsp;<br><img src=""https://undark.org/wp-content/uploads/2100/03/khou.jpg"" width=""100%""><br><em><span style=""font-size: .7em; line-height:1.3em;"">Visual: KHOU</span></em>",,left,2020-09-17
,,,"<img src=""https://undark.org/wp-content/uploads/2100/03/30c7f42a-arrow.gif"" style=""width:40px;"">",,left,2020-09-26
23,,Trump Tests Positive,"President Donald J. Trump and First Lady Melania Trump announce on Oct. 2 that they have <a target=""_blank"" href=""https://www.washingtonpost.com/graphics/2020/politics/trump-contacts-movements-covid/"">tested positive</a> for Covid-19. On Sept. 26, the president hosted an event at the White House Rose Garden (below) to announce Judge Amy Coney Barrett’s appointment to the Supreme Court. Several attendees also tested positive, as did many of Trump’s other close contacts. <br>&nbsp;<br><img src=""https://undark.org/wp-content/uploads/2100/03/barrett.jpg"" width=""100%""><br><em><span style=""font-size: .7em; line-height:1.3em;"">Visual: Jabin Botsford/Washington Post via Getty</span></em> <br>&nbsp;<br><hr><strong><span style=""font-family: sans-serif; font-size:.7em; line-height:1.1em; color:#CBA17D;"">GO TO:</span></strong><strong> <span style=""font-family: sans-serif; font-size:.7em; line-height:1.1em;""><a style=""text-decoration:none;"" href=""#top"">2020</a> | <a style=""text-decoration:none;"" href=""#2021"">2021</a> | <a style=""text-decoration:none;"" href=""#2022"">2022</a> | <a style=""text-decoration:none;"" href=""#start"">TOP</a> | <a style=""text-decoration:none;"" href=""#end"">END</a></span></strong>",,left,2020-10-02
,,,"<img src=""https://undark.org/wp-content/uploads/2100/03/30c7f42a-arrow.gif"" style=""width:40px;"">",,left,2020-10-11
,,,"<p style=""font-size:.7em;"">President Trump exits the White House to head to a rally in Pennsylvania after recovering from Covid-19 earlier in the month. <br>&nbsp;<br><em>Visual: Tasos Katopodis/Getty Images</em></p>",https://undark.org/wp-content/uploads/2022/03/trump.jpg,left,2020-10-20
24,,Voting in a Pandemic ,"As the Nov. 3 presidential election approaches, public health officials <a target=""_blank"" href=""https://www.statnews.com/2020/10/29/public-health-officials-making-voting-safe/"">weigh in</a> on how to stay safe while voting in a pandemic. For those who hadn't already submitted their votes by mail or local dropbox, health authorities said common sense precautions like mask wearing, social distancing, and sanitizing pens between voters should help. <br>&nbsp;<br>For the next several months, attempts by the Trump administration and its supporters to overturn the election victory of President Joseph R. Biden would overshadow Covid's continued spread. <br>&nbsp;<br><img src=""https://undark.org/wp-content/uploads/2100/03/biden.jpg"" width=""100%""><br><em><span style=""font-size: .7em; line-height:1.3em;"">Visual: Saul Loeb/AFP via Getty </span></em>",,left,2020-10-29
25,,Illinois Cases Surge ,"On Nov. 16 and Nov. 17, Illinois records its highest average daily case toll since the start of the pandemic. On those days, the state <a target=""_blank"" href=""https://www.nbcchicago.com/news/coronavirus/covid-by-the-numbers-1-year-after-the-worst-days-of-the-pandemic-heres-where-illinois-stands/2687334/"">averaged</a> almost 12,400 new cases a day, with Nov. 17 marking the 12th <a target=""_blank"" href=""https://news.wttw.com/2020/11/17/illinois-moves-tier-3-restrictions-starting-friday-curb-covid-19-surge"">day in a row</a> with more than 10,000 new cases tallied. Gov. J.B. Pritzker announced new restrictions to combat the spread. <br>&nbsp;<br><hr><strong><span style=""font-family: sans-serif; font-size:.7em; line-height:1.1em; color:#CBA17D;"">GO TO:</span></strong><strong> <span style=""font-family: sans-serif; font-size:.7em; line-height:1.1em;""><a style=""text-decoration:none;"" href=""#top"">2020</a> | <a style=""text-decoration:none;"" href=""#2021"">2021</a> | <a style=""text-decoration:none;"" href=""#2022"">2022</a> | <a style=""text-decoration:none;"" href=""#start"">TOP</a> | <a style=""text-decoration:none;"" href=""#end"">END</a></span></strong>",,left,2020-11-17
26,,,"<p style=""font-size:.7em;"">Ignoring <a target=""_blank"" href=""https://www.cnbc.com/2020/11/19/coronavirus-cdc-urges-americans-against-traveling-for-thanksgiving-as-coronavirus-outbreak-worsens.html"">CDC guidance</a> not to travel for the Thanksgiving holiday to prevent the spread of the virus, travelers waited in line at a TSA checkpoint at Orlando International Airport. <br>&nbsp;<br><em>Visual: Paul Hennessy/NurPhoto via Getty Images</p>",https://undark.org/wp-content/uploads/2022/03/thanksgiving-travel.jpg,left,2020-11-25
,,,"<img src=""https://undark.org/wp-content/uploads/2100/03/30c7f42a-arrow.gif"" style=""width:40px;"">",,left,2020-12-04
27,,First Vaccine Authorized,"On Dec. 11, the U.S. Food and Drug Administration <a target=""_blank"" href=""https://www.nytimes.com/2020/12/11/health/pfizer-vaccine-authorized.html"">grants</a> an emergency use authorization for the first vaccine against Covid-19. The shot, developed by Pfizer and BioNTech, would first be made available to nursing home residents and health care workers. Pfizer was set to supply 100 million doses to the U.S. government by March. <br>&nbsp;<br><hr><strong><span style=""font-family: sans-serif; font-size:.7em; line-height:1.1em; color:#CBA17D;"">GO TO:</span></strong><strong> <span style=""font-family: sans-serif; font-size:.7em; line-height:1.1em;""><a style=""text-decoration:none;"" href=""#top"">2020</a> | <a style=""text-decoration:none;"" href=""#2021"">2021</a> | <a style=""text-decoration:none;"" href=""#2022"">2022</a> | <a style=""text-decoration:none;"" href=""#start"">TOP</a> | <a style=""text-decoration:none;"" href=""#end"">END</a></span></strong>",,left,2020-12-11
28,,Moderna Quickly Follows,"The FDA <a target=""_blank"" href=""https://www.cnbc.com/2020/12/18/moderna-covid-vaccine-approved-fda-for-emergency-use.html"">issues</a> an emergency use authorization for Moderna's vaccine on Dec. 18, approving the federal government’s plan to distribute some 5.9 million doses the following week. “We likely will see shots in the arm by the very early part of next week, I would hope Monday or Tuesday,” Anthony Fauci, director of the National Institute of Allergy and Infectious Diseases, told the Today show on Dec. 18.",,left,2020-12-18
,,Deadly December,"California experiences its <a target=""_blank"" href=""https://www.sfchronicle.com/health/article/California-s-December-death-toll-reaches-record-15834864.php"">deadliest month</a> yet in the pandemic, reporting more than 5,300 deaths related to the virus in December. The state's previous record came in August with some 3,800 fatalities. While the number of new cases was beginning to stabilize, the state still faced surges in deaths and hospitalizations, as well as limited or no availability in its ICUs. Meanwhile, a new and more worrying variant of the virus was beginning to circulate in India.",,left,2020-12-29
,,,"<p style=""font-size:.7em;"">A health care worker exits the Covid-19 intensive care unit on New Year's Day at the United Memorial Medical Center in Houston, Texas. <br>&nbsp;<br><em>Visual: Go Nakamura/Getty Images</em></p></p><hr><span style=""font-family: sans-serif; font-size:.7em;""><strong>GO TO:  <a style=""text-decoration:none;"" href=""#top"">2020</a></strong> | <strong><a style=""text-decoration:none;"" href=""#2021"">2021</a></strong> | <strong><a style=""text-decoration:none;"" href=""#2022"">2022</a></strong></span>",https://undark.org/wp-content/uploads/2022/03/covid-surge-jan-31.jpg,left,2021-01-01
,,,"<a name=""2021""></a>",,left,2021-01-10
29,,Texas Hospitalizations Spike,"<span style=""font-family: sans-serif; font-size: 1.3em; font-weight:700;"">2021</span>&nbsp; | &nbsp;Texas reports more than 14,000 Covid-19 hospitalizations in mid-January, its highest number since the pandemic began. <a target=""_blank"" href=""https://www.statesman.com/story/news/coronavirus/2021/01/27/covid-19-hospitalizations-falling-texas-but-still-big-concern/4255043001/"">According to</a> the state’s health department, Thanksgiving and Christmas get togethers helped to drive the rise in cases. Due to the influx of patients, the availability of intensive care unit beds was extremely limited.  <br>&nbsp;<br><hr><strong><span style=""font-family: sans-serif; font-size:.7em; line-height:1.1em; color:#CBA17D;"">GO TO:</span></strong><strong> <span style=""font-family: sans-serif; font-size:.7em; line-height:1.1em;""><a style=""text-decoration:none;"" href=""#top"">2020</a> | <a style=""text-decoration:none;"" href=""#2021"">2021</a> | <a style=""text-decoration:none;"" href=""#2022"">2022</a> | <a style=""text-decoration:none;"" href=""#start"">TOP</a> | <a style=""text-decoration:none;"" href=""#end"">END</a></span></strong>",,left,2021-01-11
30,,"New President, New Variants","Researchers identify two new variants of the coronavirus in Columbus, Ohio. Their <a target=""_blank"" href=""https://www.biorxiv.org/content/10.1101/2021.01.12.426407v1"">findings</a>, which had not yet been peer reviewed at this time, suggested that at least one of the variants contained the same mutation found in variants from the U.K. and South Africa. Scientists said the emergence of variants wasn’t itself a <a target=""_blank"" href=""https://www.nbcnews.com/news/us-news/why-are-new-coronavirus-variants-emerging-u-s-n1254454"">cause for concern</a>. What was important was whether they turned out to be more contagious or led to more severe disease. <br>&nbsp;<br>Later in the month, newly elected President Joe Biden would be sworn into office, extolling Americans to ""set aside the politics and finally face this pandemic as one nation.""",,left,2021-01-15
,,,"<p style=""font-size:.7em;"">People wait outside a Covid-19 vaccine distribution center at the Kedren Community Health Center in L.A. <br>&nbsp;<br><em>Visual: Mario Tama/Getty Images</em></a>",https://undark.org/wp-content/uploads/2022/03/vaccine-line.jpg,left,2021-01-28
31,,U.K. Variant Warning,"Public health officials begin warning Americans that the coronavirus variant first identified in the United Kingdom could become the dominant strain in the U.S. in the coming months — leading to a spike in cases. While it was not yet clear if the variant would cause more deaths or severe disease, the CDC <a target=""_blank"" href=""https://www.nytimes.com/2021/01/15/health/covid-cdc-variant.html"">urged</a> people to remain vigilant in their pandemic precautions. <br>&nbsp;<br><hr><strong><span style=""font-family: sans-serif; font-size:.7em; line-height:1.1em; color:#CBA17D;"">GO TO:</span></strong><strong> <span style=""font-family: sans-serif; font-size:.7em; line-height:1.1em;""><a style=""text-decoration:none;"" href=""#top"">2020</a> | <a style=""text-decoration:none;"" href=""#2021"">2021</a> | <a style=""text-decoration:none;"" href=""#2022"">2022</a> | <a style=""text-decoration:none;"" href=""#start"">TOP</a> | <a style=""text-decoration:none;"" href=""#end"">END</a></span></strong>",,left,2021-02-09
,,,"<img src=""https://undark.org/wp-content/uploads/2100/03/30c7f42a-arrow.gif"" style=""width:40px;"">",,left,2021-02-19
32,,J&J Jab Authorized,"In late February, the FDA <a target=""_blank"" href=""https://www.nbcnews.com/health/health-news/fda-grants-emergency-authorization-johnson-johnson-vaccine-n1258878"">approves</a> the single dose Johnson & Johnson vaccine under an emergency use authorization. With three options now available, more Americans would be able to get their Covid-19 shots. But because Johnson & Johnson had a lower efficacy than Pfizer and Moderna, public health officials worried that some people could be <a target=""_blank"" href=""https://www.nytimes.com/2021/02/27/health/covid-vaccine-johnson-and-johnson.html"">reluctant</a> to get it.",,left,2021-02-27
,,,"<img src=""https://undark.org/wp-content/uploads/2100/03/30c7f42a-arrow.gif"" style=""width:40px;"">",,left,2021-03-07
33,,Spikes Across the Country,"Although millions of people are getting vaccinated every day, and caseloads are down across the United States, counts in some pockets of the country start rising again in March. According to <a target=""_blank"" href=""https://www.washingtonpost.com/health/2021/03/16/covid-cases-rising-michigan-new-york-city/"">The Washington Post</a>, Michigan’s daily number of infections increased, as did tallies in Minnesota and Maryland. Below, nurses in Virgina prepare to administer vaccines. <br>&nbsp;<br><img src=""https://undark.org/wp-content/uploads/2100/03/nurses.jpg"" width=""100%""><br><em><span style=""font-size: .7em; line-height:1.3em;"">Visual: Andrew Caballero-Reynolds/AFP via Getty</span></em><br>&nbsp;<br><hr><strong><span style=""font-family: sans-serif; font-size:.7em; line-height:1.1em; color:#CBA17D;"">GO TO:</span></strong><strong> <span style=""font-family: sans-serif; font-size:.7em; line-height:1.1em;""><a style=""text-decoration:none;"" href=""#top"">2020</a> | <a style=""text-decoration:none;"" href=""#2021"">2021</a> | <a style=""text-decoration:none;"" href=""#2022"">2022</a> | <a style=""text-decoration:none;"" href=""#start"">TOP</a> | <a style=""text-decoration:none;"" href=""#end"">END</a></span></strong>",,left,2021-03-16
34,,One Year In,"Just over a year into the pandemic, the CDC <a target=""_blank"" href=""https://www.npr.org/sections/coronavirus-live-updates/2021/03/31/983058109/cdc-covid-19-was-3rd-leading-cause-of-death-in-2020-people-of-color-hit-hardes"">releases data</a> showing that Covid-19 was the third-leading cause of death in the U.S. in 2020. Of the approximately 375,000 deaths attributed to the disease caused by the virus, people of color were hit the hardest. ",,left,2021-03-31
35,,Colleges Split on Vaccines,"By April, some U.S. colleges are indicating that they will require students to get vaccinated before returning to campus in the fall, while others will leave the decision up to individuals. Some schools, including Virginia Tech, did not believe they could legally mandate vaccines that had only received emergency use authorization from the FDA. But legal scholars suggested the larger issue would come from states <a target=""_blank"" href=""https://www.pbs.org/newshour/education/u-s-colleges-divided-over-requiring-student-covid-19-vaccinations"">pushing back</a> on such requirements. <br>&nbsp;<br><hr><strong><span style=""font-family: sans-serif; font-size:.7em; line-height:1.1em; color:#CBA17D;"">GO TO:</span></strong><strong> <span style=""font-family: sans-serif; font-size:.7em; line-height:1.1em;""><a style=""text-decoration:none;"" href=""#top"">2020</a> | <a style=""text-decoration:none;"" href=""#2021"">2021</a> | <a style=""text-decoration:none;"" href=""#2022"">2022</a> | <a style=""text-decoration:none;"" href=""#start"">TOP</a> | <a style=""text-decoration:none;"" href=""#end"">END</a></span></strong>",,left,2021-04-12
36,,Mask Guidelines Eased,"As spring gets underway and vaccines roll out, the CDC <a target=""_blank"" href=""https://www.washingtonpost.com/health/2021/04/27/cdc-guidance-masks-outdoors/"">eases</a> mask guidelines for fully vaccinated individuals. Those who had received a two-dose regimen of the Pfizer or Moderna shots, or a single dose of the Johnson & Johnson vaccine, could forgo masks when doing outdoor activities or meeting with friends for outdoor dining. The agency still recommended masking indoors, regardless of vaccination status. Below, New York City nightlife resumes in earnest. <br>&nbsp;<br><img src=""https://undark.org/wp-content/uploads/2100/03/nyc.jpg"" width=""100%""><br><em><span style=""font-size: .7em; line-height:1.3em;"">Visual: Alexi Rosenfeld/Getty Images</span></em>",,left,2021-04-27
37,,One Step Further,"The agency <a target=""_blank"" href=""https://www.cnn.com/2021/05/13/health/cdc-mask-guidance-vaccinated/index.html"">relaxes its guidelines</a> further, giving fully vaccinated individuals the go ahead to ditch their masks and forgo social distancing indoors. While masks were still required on planes and public transportation, in updating the guidance, the CDC cited three studies supporting the efficacy of the vaccines. <br>&nbsp;<br><hr><strong><span style=""font-family: sans-serif; font-size:.7em; line-height:1.1em; color:#CBA17D;"">GO TO:</span></strong><strong> <span style=""font-family: sans-serif; font-size:.7em; line-height:1.1em;""><a style=""text-decoration:none;"" href=""#top"">2020</a> | <a style=""text-decoration:none;"" href=""#2021"">2021</a> | <a style=""text-decoration:none;"" href=""#2022"">2022</a> | <a style=""text-decoration:none;"" href=""#start"">TOP</a> | <a style=""text-decoration:none;"" href=""#end"">END</a></span></strong>",,left,2021-05-13
38,,CDC on Breakthrough Cases,"Following widely publicized reports of Covid-19 infection in fully vaccinated people, a new CDC report <a target=""_blank"" href=""https://abcnews.go.com/Health/covid-19-infections-exceedingly-rare-full-vaccination-cdc/story?id=77898840"">suggests</a> that such breakthrough cases are extremely rare. Of the 101 million U.S. adults who had been fully vaccinated by the end of April, the report said, just .01 percent — or about 10,260 — got Covid-19. <br>&nbsp;<br>Meanwhile, in coming days and weeks, Americans would learn of the <a target=""_blank"" href=""https://gvn.org/covid-19/delta-b-1-617-2/"">delta variant</a>, which would quickly become the dominant Covid-19 strain across the globe. ",,left,2021-05-25
,,,"<p style=""font-size:.7em;"">People take to the beach in Coney Island to enjoy some fresh air after months of Covid-19 restrictions. By this point, nearly 60 percent of adult New Yorkers had been fully vaccinated against the virus. <br>&nbsp;<br><em>Visual: Mathias Wasik/picture alliance via Getty Images</em><p><hr><span style=""font-family: sans-serif; font-size:.7em;""><strong>GO TO:  <a style=""text-decoration:none;"" href=""#top"">2020</a></strong> | <strong><a style=""text-decoration:none;"" href=""#2021"">2021</a></strong> | <strong><a style=""text-decoration:none;"" href=""#2022"">2022</a></strong></span>",https://undark.org/wp-content/uploads/2022/03/beach.jpg,left,2021-06-06
39,,"Deaths Top 600,000","By mid-June 2021, more than 600,000 people have <a target=""_blank"" href=""https://www.npr.org/sections/coronavirus-live-updates/2021/06/15/1006186695/the-u-s-has-hit-600-000-covid-deaths-more-than-any-other-country"">died from Covid-19</a> in the United States, more than any other country thus far. Still, public health experts <a target=""_blank"" href=""https://www.cnn.com/2021/04/30/health/covid-19-deaths-declining-vaccines-cnn-analysis/index.html"">pointed out</a>, the numbers had ticked up much more slowly since vaccines became available.",,left,2021-06-15
40,,Crisis of the Unvaccinated,"By June, reports <a href=""https://apnews.com/article/coronavirus-pandemic-health-941fcf43d9731c76c16e7354f5d5e187"">suggest</a> that most of the people dying from Covid-19 in the U.S. are unvaccinated. Of the more than 18,000 people who died of the illness in May 2021, only 150, or less than 1 percent, were fully vaccinated. More than a third of those eligible still had yet to receive their first dose of a Covid vaccine. <br>&nbsp;<br><hr><strong><span style=""font-family: sans-serif; font-size:.7em; line-height:1.1em; color:#CBA17D;"">GO TO:</span></strong><strong> <span style=""font-family: sans-serif; font-size:.7em; line-height:1.1em;""><a style=""text-decoration:none;"" href=""#top"">2020</a> | <a style=""text-decoration:none;"" href=""#2021"">2021</a> | <a style=""text-decoration:none;"" href=""#2022"">2022</a> | <a style=""text-decoration:none;"" href=""#start"">TOP</a> | <a style=""text-decoration:none;"" href=""#end"">END</a></span></strong>",,left,2021-06-29
41,,Missouri Surge,"Covid-19 cases <a target=""_blank"" href=""https://abcnews.go.com/Health/covid-surging-missouri-delta-variant-overwhelms-hospitals/story?id=78731312"">rise rapidly</a> in Missouri, increasing 46 percent in late June ane early July. As ABC News reported, the CDC assigned two members of its federal ""surge team"" to the state — an epidemiologist to work on ""genetic sequencing and data analysis, and an adviser who's working with local officials on how to address vaccine hesitancy.""",,left,2021-07-09
,,,"<p style=""font-size:.7em;"">Tens of thousands of fans gather outside of Fiserv Forum to celebrate the Milwaukee Bucks 2021 NBA Championship win. With much of Wisconsin's population still unvaccinated at this point, health experts said they expected to see new Covid cases tied to the event. <br>&nbsp;<br><em>Visual: Jamie Sabau/Getty Images</em></p><br>&nbsp;<br><hr><strong><span style=""font-family: sans-serif; font-size:.7em; line-height:1.1em; color:#CBA17D;"">GO TO:</span></strong><strong> <span style=""font-family: sans-serif; font-size:.7em; line-height:1.1em;""><a style=""text-decoration:none;"" href=""#top"">2020</a> | <a style=""text-decoration:none;"" href=""#2021"">2021</a> | <a style=""text-decoration:none;"" href=""#2022"">2022</a> | <a style=""text-decoration:none;"" href=""#start"">TOP</a> | <a style=""text-decoration:none;"" href=""#end"">END</a></span></strong>",https://undark.org/wp-content/uploads/2022/03/bucks.jpg,left,2021-07-22
42,,The Show Goes On,"An estimated 100,000 people <a target=""_blank"" href=""https://wgntv.com/news/coronavirus/lollapalooza-kicks-off-thursday-as-states-covid-19-surge-still-causing-concerns/"">gather</a> at Chicago’s Grant Park on July 29 for the <a target=""_blank"" href=""https://www.nbcchicago.com/news/local/lollapalooza-begins-in-chicago-and-it-is-packed/2571744/"">kickoff</a> of the city’s Lollapalooza music festival. For some, the event — which required attendees to show their vaccination card or a recent negative Covid test — signaled optimism about the return of live events. But others cautioned that as the delta variant spread, many attendees could contract Covid. <br>&nbsp;<br><img src=""https://undark.org/wp-content/uploads/2100/03/lolla.jpg"" width=""100%""><br><em><span style=""font-size: .7em; line-height:1.3em;"">Visual: Armando L. Sanchez/Chicago Tribune via Getty Images</span></em>",,left,2021-07-29
43,,Breakthrough Transmission,"In August, CDC director Rochelle Walensky announces that people who get Covid-19 even after being fully vaccinated could still <a target=""_blank"" href=""https://www.cnn.com/2021/08/05/health/us-coronavirus-thursday/index.html"">transmit the virus</a> to others. The revelation prompted the public health agency to revise its guidance once again, recommending that fully vaccinated people continue to wear masks indoors. ""Our vaccines are working exceptionally well,"" Walensky told CNN. ""They continue to work well for delta, with regard to severe illness and death — they prevent it. But what they can't do anymore is prevent transmission.""<br>&nbsp;<br><hr><strong><span style=""font-family: sans-serif; font-size:.7em; line-height:1.1em; color:#CBA17D;"">GO TO:</span></strong><strong> <span style=""font-family: sans-serif; font-size:.7em; line-height:1.1em;""><a style=""text-decoration:none;"" href=""#top"">2020</a> | <a style=""text-decoration:none;"" href=""#2021"">2021</a> | <a style=""text-decoration:none;"" href=""#2022"">2022</a> | <a style=""text-decoration:none;"" href=""#start"">TOP</a> | <a style=""text-decoration:none;"" href=""#end"">END</a></span></strong>",,left,2021-08-05
44,,Struggles in the South,"States across the southern U.S. experience another surge in Covid-19 cases in late summer. In Mississippi, <a target=""_blank"" href=""https://www.npr.org/2021/08/12/1027103023/florida-mississippi-arkansas-hospitals-overwhelmed-covid-19-delta"">health officials warned</a> that ""the state's hospital system could collapse in five to 10 days if the current trajectory continues."" Meanwhile, Arkansas experienced record hospitalizations and 90 percent of ICU beds in Florida were full.",,left,2021-08-12
45,,Booster Shots ,"As U.S. public health officials warn of potentially waning immunity against the coronavirus in the coming months, booster shots of both the Pfizer and Moderna vaccines are <a target=""_blank"" href=""https://www.npr.org/sections/coronavirus-live-updates/2021/08/18/1028798003/covid-19-booster-shots-roll-out-september-moderna-pfizer"">set to become available</a> to American adults in September. While people who received the single dose Johnson & Johnson vaccine would also likely need an additional shot, research was still ongoing.<br>&nbsp;<br><hr><strong><span style=""font-family: sans-serif; font-size:.7em; line-height:1.1em; color:#CBA17D;"">GO TO:</span></strong><strong> <span style=""font-family: sans-serif; font-size:.7em; line-height:1.1em;""><a style=""text-decoration:none;"" href=""#top"">2020</a> | <a style=""text-decoration:none;"" href=""#2021"">2021</a> | <a style=""text-decoration:none;"" href=""#2022"">2022</a> | <a style=""text-decoration:none;"" href=""#start"">TOP</a> | <a style=""text-decoration:none;"" href=""#end"">END</a></span></strong>",,left,2021-08-18
,,,"<p style=""font-size:.7em;"">A boy rides a bicycle past a sign at Pershing School in Orlando advising that face masks are required for students through Oct. 30, 2021. On Aug. 27, a Florida judge threw out Gov. Ron DeSantis' ban on face mask mandates in schools. <br>&nbsp;<br><em>Visual: Paul Hennessy/SOPA Images/LightRocket via Getty Images</em></p>",https://undark.org/wp-content/uploads/2022/03/florida-school.jpg,left,2021-08-30
46,,Federal Vaccine Mandates,"On Sept. 9, President Biden <a target=""_blank"" href=""https://www.cbsnews.com/live-updates/biden-covid-19-vaccine-mandates-announcement/"">announces</a> that all federal workers and contractors will be required to get vaccinated against Covid-19. In addition, companies with 100 employees or more will have to ensure workers were vaccinated or have them undergo weekly testing. ""The bottom line — we're going to protect vaccinated workers from unvaccinated coworkers,"" Biden said. <br>&nbsp;<br><hr><strong><span style=""font-family: sans-serif; font-size:.7em; line-height:1.1em; color:#CBA17D;"">GO TO:</span></strong><strong> <span style=""font-family: sans-serif; font-size:.7em; line-height:1.1em;""><a style=""text-decoration:none;"" href=""#top"">2020</a> | <a style=""text-decoration:none;"" href=""#2021"">2021</a> | <a style=""text-decoration:none;"" href=""#2022"">2022</a> | <a style=""text-decoration:none;"" href=""#start"">TOP</a> | <a style=""text-decoration:none;"" href=""#end"">END</a></span></strong>",,left,2021-09-09
47,,Rules Relax in Florida,"On Sept. 22, Florida's new surgeon general, Dr. Joseph Ladapo, issues <a target=""_blank"" href=""https://www.tampabay.com/news/florida-politics/2021/09/22/florida-issues-new-executive-order-easing-school-covid-rules/"">an executive order</a> to make quarantine optional for students exposed to Covid-19. While Gov. Ron DeSantis stated that the order was aimed at preventing healthy students from unnecessarily missing school, many public health officials warned that it could fuel asymptomatic transmission. ",,left,2021-09-22
48,,"700,000 Covid-19 Deaths","The U.S. hits a grim pandemic milestone on Oct. 1, as the nation's Covid-19 death toll  <a target=""_blank"" href=""https://apnews.com/article/coronavirus-pandemic-dead-us-milestone-80209c66802902e42adfbe075ff5272b"">surpassed</a> 700,000. While vaccines were available to all Americans 12 and older, tens of millions continued to hold out, allowing the more contagious delta variant to spread.",,left,2021-10-01
49,,Spikes in the Heartland,"In Douglas County, Nebraska — the state's most populous — the health department <a target=""_blank"" href=""https://www.wowt.com/2021/10/08/friday-oct-8-covid-19-update-190-cases-douglas-county-2-unvaccinated-deaths-lincoln/"">reports</a> 190 new Covid-19 cases on Oct. 8. That brings the county total to more than 84,500 cases since the pandemic began. On Oct. 7, the health department said 89 percent of hospital beds were taken and ICUs were 87 percent full.",,left,2021-10-08
50,,Colin Powell Dies From Covid,"On Oct. 18, former U.S. Secretary of State Colin Powell <a target=""_blank"" href=""https://www.nytimes.com/2021/10/18/world/colin-powell-dies-at-84-of-complications-from-covid.html"">dies</a> after a battle with Covid-19. Powell, who held the post under President George W. Bush, was fully vaccinated but had a compromised immune system due to treatment he was receiving for blood cancer. <br>&nbsp;<br><hr><strong><span style=""font-family: sans-serif; font-size:.7em; line-height:1.1em; color:#CBA17D;"">GO TO:</span></strong><strong> <span style=""font-family: sans-serif; font-size:.7em; line-height:1.1em;""><a style=""text-decoration:none;"" href=""#top"">2020</a> | <a style=""text-decoration:none;"" href=""#2021"">2021</a> | <a style=""text-decoration:none;"" href=""#2022"">2022</a> | <a style=""text-decoration:none;"" href=""#start"">TOP</a> | <a style=""text-decoration:none;"" href=""#end"">END</a></span></strong>",,left,2021-10-18
51,,Pfizer Authorized for Kids,"On Nov. 2, the CDC <a target=""_blank"" href=""https://apnews.com/article/covid-vaccine-kids-five-to-eleven-science-health-032f7ed4fa60a3c0e08ba418446cfe2b"">recommends</a> Pfizer's Covid-19 vaccine for children aged 5 to 11, expanding eligibility to tens of millions of Americans. While many parents welcomed the news, others — including those who are vaccinated themselves — expressed <a target=""_blank"" href=""https://www.nytimes.com/2021/10/30/health/covid-vaccine-kids-parents.html"">hesitation</a> about consenting for their kids.",,left,2021-11-02
,,,"<p style=""font-size:.7em;"">Thousands take to the California State Capitol steps in Sacramento to protest the Covid-19 vaccine mandate for students. <br>&nbsp;<br><em>Visual: Anibal Martel/Anadolu Agency via Getty Images</em></p>",https://undark.org/wp-content/uploads/2022/03/sacramento-rally.jpg,left,2021-11-15
52,,Alarm Over Omicron Variant ,"The WHO <a target=""_blank"" href=""https://www.cnbc.com/2021/11/29/who-omicron-covid-variant-poses-very-high-risk-global-spread-likely.html"">warns</a> that the omicron variant, which first appeared in South Africa earlier in November, is very likely to spread globally. “Given mutations that may confer immune escape potential and possibly transmissibility advantage, the likelihood of potential further spread of omicron at the global level is high,” the agency said in a technical brief. Though data was limited at this time, symptoms with the new variant were reported to be fairly mild.<br>&nbsp;<br><hr><strong><span style=""font-family: sans-serif; font-size:.7em; line-height:1.1em; color:#CBA17D;"">GO TO:</span></strong><strong> <span style=""font-family: sans-serif; font-size:.7em; line-height:1.1em;""><a style=""text-decoration:none;"" href=""#top"">2020</a> | <a style=""text-decoration:none;"" href=""#2021"">2021</a> | <a style=""text-decoration:none;"" href=""#2022"">2022</a> | <a style=""text-decoration:none;"" href=""#start"">TOP</a> | <a style=""text-decoration:none;"" href=""#end"">END</a></span></strong>",,left,2021-11-29
,,,"<img src=""https://undark.org/wp-content/uploads/2100/03/30c7f42a-arrow.gif"" style=""width:40px;"">",,left,2021-12-07
53,,Covid-19 Holiday Surge,"With Christmas and New Year's fast approaching, cases of Covid-19 surge in New York City. In a <a target=""_blank"" href=""https://www.cnbc.com/2021/12/16/new-york-city-is-seeing-a-covid-surge-ahead-of-the-holidays-weve-never-seen-this-before.html"">tweet</a>, Dr. Jay Varma, a health adviser to then-Mayor Bill de Blasio, wrote that from Dec. 9 to Dec. 12, the city's test positivity rate went from 3.9 percent to 7.8 percent. With a reporting lag of a few days, however, the true rate could have actually been higher. ",,left,2021-12-16
54,,Virus Grounds Flights,"Covid-19 upends holiday plans once again, as staffing issues caused hundreds of <a target=""_blank"" href=""https://www.theguardian.com/world/2021/dec/25/us-airlines-covid-coronavirus-christmas-holiday"">flight cancellations</a> on Christmas Day. Delta, United, and <a target=""_blank"" href=""https://www.nbcnews.com/news/us-news/united-delta-alaska-airlines-cancel-holiday-flights-omicrons-spread-rcna9876"">Alaska</a>, among other airlines, said employees infected with and exposed to the omicron variant left them without the staffing necessary to operate.<br>&nbsp;<br><img src=""https://undark.org/wp-content/uploads/2100/03/flights.jpg"" width=""100%""><br><em><span style=""font-size: .7em; line-height:1.3em;"">Visual: RJ Sangosti/The Denver Post via Getty</span></em>",,left,2021-12-25
,,,"<a name=""2022""></a>",,left,2022-01-09
55,,Single Day Case Record,"<span style=""font-family: sans-serif; font-size: 1.3em; font-weight:700;"">2022</span>&nbsp; | &nbsp;On Jan. 10, the U.S. records 1.35 million new Covid-19 infections, the <a target=""_blank"" href=""https://www.reuters.com/business/healthcare-pharmaceuticals/us-reports-least-11-mln-covid-cases-day-shattering-global-record-2022-01-11/"">largest single-day total</a> of any country in the world since the start of the pandemic. The record was accompanied by the highest number of patients hospitalized with Covid-19, reaching more than 136,000. <br>&nbsp;<br><hr><strong><span style=""font-family: sans-serif; font-size:.7em; line-height:1.1em; color:#CBA17D;"">GO TO:</span></strong><strong> <span style=""font-family: sans-serif; font-size:.7em; line-height:1.1em;""><a style=""text-decoration:none;"" href=""#top"">2020</a> | <a style=""text-decoration:none;"" href=""#2021"">2021</a> | <a style=""text-decoration:none;"" href=""#2022"">2022</a> | <a style=""text-decoration:none;"" href=""#start"">TOP</a> | <a style=""text-decoration:none;"" href=""#end"">END</a></span></strong>",,left,2022-01-10
,,,"<img src=""https://undark.org/wp-content/uploads/2100/03/30c7f42a-arrow.gif"" style=""width:40px;"">",,left,2022-01-19
56,,U.S. Drops Vaccine Rule,"At the end of January, the U.S. Department of Labor <a target=""_blank"" href=""https://www.reuters.com/world/us/us-labor-dept-withdrawing-covid-vaccine-rule-large-employers-2022-01-25/"">drops</a> a vaccine mandate for businesses with more than 100 employees, after it was blocked by the Supreme Court. The rule had been aimed at increasing vaccine uptake, but faced strong pushback from conservative groups. ",,left,2022-01-25
,,,"<img src=""https://undark.org/wp-content/uploads/2100/03/30c7f42a-arrow.gif"" style=""width:40px;"">",,left,2022-02-05
57,,Vaccine for Kids Delayed,"In mid-February, the FDA <a href=https://www.fda.gov/news-events/press-announcements/coronavirus-covid-19-update-fda-postpones-advisory-committee-meeting-discuss-request-authorization>delays</a> a decision over whether to authorize the Pfizer-BioNTech vaccine for the nation’s youngest children for at least another two months. While the agency had originally <a href=https://www.aljazeera.com/news/2022/2/11/us-delays-decision-on-covid-vaccine-for-children-under-5>planned</a> to make a call by the following week, Pfizer and BioNTech submitted new data that will require additional review. While parents await the authorization, the agency noted the best way to protect kids is to continue following masking and social distancing guidelines. ",,left,2022-02-11
,,,"<img src=""https://undark.org/wp-content/uploads/2100/03/30c7f42a-arrow.gif"" style=""width:40px;"">",,left,2022-02-19
58,,Masks Come Off,"In <a target=""_blank"" href=""https://www.cdc.gov/coronavirus/2019-ncov/prevent-getting-sick/about-face-coverings.html"">new guidelines</a> issued in late February, the CDC advises that many Americans can once again forgo masks and social distancing. To assess a community’s risk, the recommendations <a target=""_blank"" href=""https://www.nytimes.com/2022/02/25/health/cdc-mask-guidance.html"">direct</a> counties to look at a handful of factors, including new Covid-19 cases per 100,000 people and hospital admissions. The agency suggests a tiered approach to masking based on local conditions and individuals' personal health risks. <br>&nbsp;<br><img src=""https://undark.org/wp-content/uploads/2100/03/optional.jpg"" width=""100%""><br><em><span style=""font-size: .7em; line-height:1.3em;"">Visual: Stacey Wescott/Chicago Tribune via Getty</span></em><br>&nbsp;<br><hr><strong><span style=""font-family: sans-serif; font-size:.7em; line-height:1.1em; color:#CBA17D;"">GO TO:</span></strong><strong> <span style=""font-family: sans-serif; font-size:.7em; line-height:1.1em;""><a style=""text-decoration:none;"" href=""#top"">2020</a> | <a style=""text-decoration:none;"" href=""#2021"">2021</a> | <a style=""text-decoration:none;"" href=""#2022"">2022</a> | <a style=""text-decoration:none;"" href=""#start"">TOP</a> | <a style=""text-decoration:none;"" href=""#end"">END</a></span></strong>",,left,2022-02-25
59,,Living with Covid,"As the second anniversary of the Covid-19 pandemic approaches, public health experts <a href=” https://www.statnews.com/2022/03/07/experts-sketch-roadmap-to-get-from-covid-pandemic-to-next-normal/”>weigh in</a> on a path to the “next normal.” In a 136-page <a href=” https://www.covidroadmap.org/”>report</a>, the authors — who include Paul Offit, director of the Children’s Hospital of Philadelphia’s Vaccine Education Center, and Jill Jim, executive director of the Navajo Department of Health — suggested the U.S. shift its Covid-19 response to include other respiratory viruses and improve indoor air quality, among other initiatives. ",,left,2022-03-07
60,,A Fresh Warning,"Although Covid-19 cases continue to decline, top White House coronavirus adviser Anthony Fauci <a target=""_blank"" href=""https://www.bloomberg.com/news/articles/2022-03-17/fauci-says-u-s-covid-cases-could-soon-rise-as-funding-runs-dry"">warns</a> Americans to remain vigilant. In the U.K., where restrictions are being lifted and protection from vaccines is waning, cases rose again due to an omicron subvariant called BA.2. With the U.S. often following a similar pattern to the U.K., Fauci said new funding for additional vaccine doses and therapeutic treatments is sorely need. <br>&nbsp;<br><img src=""https://undark.org/wp-content/uploads/2100/03/fauci.jpg"" width=""100%""><br><em><span style=""font-size: .7em; line-height:1.3em;"">Visual: Greg Nash/AFP via Getty</span></em>",,left,2022-03-17
61,,County Level Risks,"New reported cases trend downward in Kentucky, but <a target=""_blank"" href=""https://www.kentucky.com/news/coronavirus/article259768850.html"">nearly a dozen</a> counties were still <a target=""_blank"" href=""https://www.cdc.gov/coronavirus/2019-ncov/your-health/covid-by-county.html"">catergorized</a> as high by the CDC in late March, meaning residents were advised to mask indoors while in public and take additional precautions if they were at an elevated risk for severe disease, among other measures. ",,left,2022-03-25
,,,"<img src=""https://undark.org/wp-content/uploads/2100/03/30c7f42a-arrow.gif"" style=""width:40px;"">",,left,2022-04-03
62,,Detecting the Next Surge,"Health experts <a target=""_blank"" href=""https://www.bloomberg.com/news/articles/2022-04-10/covid-19-could-be-spreading-undetected-in-u-s"">warn</a> that as testing decreases, the U.S. could face difficulties in detecting the next wave of Covid-19. Restrictions have loosened across the country, and many Americans are <a target=""_blank"" href=""https://fortune.com/2022/04/09/new-covid-wave-return-to-office-fauci-omicron-subvariant/"">eager</a> to leave the pandemic behind. But as Gregg Gonsalves, an infectious disease expert at Yale, told Bloomberg: "" These late waves of the pandemics are sometimes the deadliest because people have given up.”",,left,2022-04-10
,,,"<a name=""end""></a>",,left,2022-04-17
63,,Mask Mandate Falls,"In a <a target=""_blank"" href=""https://undark.org/wp-content/uploads/2100/03/570471995-Mask-mandate-ruling.pdf"">59-page ruliing</a> issued April 18, a federal judge in Florida strikes down the years-long federal mandate requiring masks on public transportation, including airlines and in airports. Arguing that the requirement, repeatedly renewed by the Biden administration, exceeded federal public health authority, the judge effectively ended one of the most enduring emblems of the pandemic — and reports of <a target=""_blank""  href=""https://twitter.com/StacyLynNews/status/1516263251738300417"">spontaneous</a>, <a target=""_blank""  href=""https://twitter.com/Raw_News1st/status/1516210465348726789"">in-air</a>, <a target=""_blank"" href=""https://twitter.com/RichardNews8/status/1516240673564868610"">mask-stripping</a> <a target=""_blank"" href=""https://twitter.com/kron4news/status/1516212999672975365"">celebrations</a>, as news reached passengers and crew aboard active flights, were shared widely on social media. Below, a couple poses maskless upon arriving at LAX. <br>&nbsp;<br><img src=""https://undark.org/wp-content/uploads/2100/03/nomask.jpg"" width=""100%""><br><em><span style=""font-size: .7em; line-height:1.3em;"">Visual: Brittany Murray/Long Beach Press-Telegram via Getty</span></em> <br>&nbsp;<br><hr><strong><span style=""font-family: sans-serif; font-size:.7em; line-height:1.1em; color:#CBA17D;"">GO TO:</span></strong><strong> <span style=""font-family: sans-serif; font-size:.7em; line-height:1.1em;""><a style=""text-decoration:none;"" href=""#top"">2020</a> | <a style=""text-decoration:none;"" href=""#2021"">2021</a> | <a style=""text-decoration:none;"" href=""#2022"">2022</a> | <a style=""text-decoration:none;"" href=""#start"">TOP</a> | <a style=""text-decoration:none;"" href=""#end"">END</a></span></strong><br><span style=""margin-bottom:100px;"">&nbsp;</span>",,left,2022-04-18